id,nama,rating,review,waktu
ChdDSUhNMG9nS0VJQ0FnSURCdy1iNmxRRRAB,Syahidah Izzati, 5 bintang ,Nyaman banget tempatnya ‚ù£Ô∏è,50 menit lalu
ChZDSUhNMG9nS0VJQ0FnSURCdzR6d0pREAE,Sierra, 5 bintang ,"nyaman, luas, bersih",1 jam lalu
ChZDSUhNMG9nS0VJQ0FnSURCZzdYVlVBEAE,Erwin rachman, 5 bintang ,,4 jam lalu
ChZDSUhNMG9nS0VJQ0FnSURCX2FQTmJnEAE,Nathaniel Bonardo, 5 bintang ,,9 jam lalu
ChdDSUhNMG9nS0VJQ0FnSURCX2ZiOXhRRRAB,Titut Festyanto, 5 bintang ,"That was a good place to get many ways of information by gathering many books but, one thing must have an IMMEDIATE improvement for their lift facility very poorly

(Diterjemahkan oleh Google)
Itu adalah tempat yang bagus untuk mendapatkan banyak informasi dengan mengumpulkan banyak buku tetapi, satu hal yang harus diperbaiki SEGERA untuk fasilitas lift mereka sangat buruk",11 jam lalu
ChZDSUhNMG9nS0VJQ0FnSURCOWJibFJBEAE,abel Abraham, 5 bintang ,Bagus tempat oke buat belajar atau buat baca baca pelayanan juga mantap,1 hari lalu
ChdDSUhNMG9nS0VJQ0FnSURCOWNTQ2xnRRAB,Satrio Bintang Hutomo, 5 bintang ,"(Diterjemahkan oleh Google) Tugas, kerja, nongkrong nyaman di rumah

(Asli)
Nugas, kerja, nongkrong nyaman bangget pokonamah",1 hari lalu
ChdDSUhNMG9nS0VJQ0FnSURCdGN1UXFnRRAB,Tiffanny Aditya, 5 bintang ,,1 hari lalu
ChdDSUhNMG9nS0VJQ0FnSURCdFpLcDlRRRAB,Septian Maulid Tiwar, 5 bintang ,,2 hari lalu
ChdDSUhNMG9nS0VJQ0FnSURCdGVpdGtRRRAB,Muhammad Fadliansyah Ramadhan, 4 bintang ,tambahin lift dong kaküôè ‚Ä¶,2 hari lalu
ChZDSUhNMG9nS0VJQ0FnSURCbGRPSVdBEAE,Alwi Maulana, 5 bintang ,"Pelayanan bagus, tempat bersih dan nyaman, koleksi buku lengkap, musholla nyaman",2 hari lalu
ChdDSUhNMG9nS0VJQ0FnSURCcFo3RV9BRRAB,Maura Kintani, 5 bintang ,,2 hari lalu
ChdDSUhNMG9nS0VJQ0FnSURCaFllN3R3RRAB,Frederikh Yusakh M S, 5 bintang ,,3 hari lalu
ChdDSUhNMG9nS0VJQ0FnSURCaFpYVnl3RRAB,Sahril ali, 5 bintang ,Bagus tempat nya nyaman.. buat semangat baca buku,3 hari lalu
ChZDSUhNMG9nS0VJQ0FnSURCaGRuZFdnEAE,Dede MlyanaTV, 5 bintang ,,3 hari lalu
ChdDSUhNMG9nS0VJQ0FnSURCaGVpWm53RRAB,Rizal La ode, 5 bintang ,Sangat bagus,3 hari lalu
ChZDSUhNMG9nS0VJQ0FnSUNtLUltdU9nEAE,Harits Harifan Alfikri, 5 bintang ,,3 hari lalu
ChdDSUhNMG9nS0VJQ0FnSURCcVlITzlBRRAB,Rifa Syafiqah, 4 bintang ,,4 hari lalu
ChZDSUhNMG9nS0VJQ0FnSURCcWZ6NlhREAE,Aliza Natasya Putri, 4 bintang ,"Museumnya indah, perpusnya rapih banget. Hanya saja ketika weekend, liftnya selalu penuh, jadi sangat menghabiskan waktu untuk menunggu lift. Tapi untuk buku¬≤ dan suasananya oke. Want to come back.",4 hari lalu
ChdDSUhNMG9nS0VJQ0FnSURCcVlqbmdBRRAB,Z R Frila P N, 5 bintang ,"SUPERB ‚≠ê‚≠ê‚≠ê‚≠ê‚≠ê

(Diterjemahkan oleh Google)
LUAR BIASA ‚≠ê‚≠ê‚≠ê‚≠ê‚≠ê",4 hari lalu
ChZDSUhNMG9nS0VJQ0FnSURvaXJYeGVnEAE,Supriadi Hadi Mulyono, 5 bintang ,"Terletak di samping Balai Kota Jakarta di sekitar Monumen Nasional, Jakarta Pusat. Tidak jauh dari perpustakaan terdapat salah satu pusat kuliner di Jalan Sabang, vanyak sekali pilihan makanan enak pinggir jalan dan restaurant disana.Terdapat Masjid yang cukup nyaman di lantai 6. Gedung perpustakaan ini menjadi salah satu gedung perpustakaan tertinggi di dunia. Semoga bisa menjadi penyemangat warga ibukota untuk membaca.",4 hari lalu
ChdDSUhNMG9nS0VJQ0FnSURCaWM3YXF3RRAB,Arie Dwi Sulthoni, 5 bintang ,"Keren banget, minus liftnya yang rame banget sih. Harus antre lama kadang.",4 hari lalu
ChZDSUhNMG9nS0VJQ0FnSURCOGVidFJ3EAE,Meilia Citra, 5 bintang ,"Perpustakaan yang punya view bagus banget
Bisa lihat monas dari rooftoopnya
Fasilitas lengkap
Ada loker, ruang baca yang nyaman dan luas, mushola, kantin, toilet, taman yang bisa buat ngobrol ngobrol santaiü•∞",4 hari lalu
ChRDSUhNMG9nS0VJQ0FnSURCOGN4TBAB,Lawa Nando, 5 bintang ,,4 hari lalu
ChdDSUhNMG9nS0VJQ0FnSURCMGZlMnF3RRAB,leonita setyawati, 5 bintang ,,5 hari lalu
ChdDSUhNMG9nS0VJQ0FnSURCb2JMZV9BRRAB,gheninggghippongs wimar84, 5 bintang ,,5 hari lalu
ChdDSUhNMG9nS0VJQ0FnSURCb1lMNHdBRRAB,selva prasanti, 5 bintang ,,5 hari lalu
ChZDSUhNMG9nS0VJQ0FnSURCb2JqamNREAE,Fifi Kurniawan, 5 bintang ,,5 hari lalu
ChZDSUhNMG9nS0VJQ0FnSURCb2VqRlJBEAE,John Smith, 5 bintang ,,5 hari lalu
ChdDSUhNMG9nS0VJQ0FnSURCd2J2MGdnRRAB,Lina Kurnia, 5 bintang ,,6 hari lalu
ChZDSUhNMG9nS0VJQ0FnSURCd2R2SmRBEAE,Agita Lutfiana, 5 bintang ,,6 hari lalu
ChZDSUhNMG9nS0VJQ0FnSURCd2MyM2JBEAE,Atiqah Aufa A., 5 bintang ,,6 hari lalu
ChdDSUhNMG9nS0VJQ0FnSURCd2MzOXlnRRAB,Vunchy, 5 bintang ,bagus bangett,6 hari lalu
ChdDSUhNMG9nS0VJQ0FnSURCd1pXcnRBRRAB,PRAKOSO BODOXS (BODOK), 5 bintang ,Tempat untuk menimba ilmu pengetahuan,6 hari lalu
ChZDSUhNMG9nS0VJQ0FnSURCd2ZtaGJBEAE,Hafsyah iga Syabrina, 5 bintang ,,6 hari lalu
ChdDSUhNMG9nS0VJQ0FnSURCd2RHcGpRRRAB,friska febriani, 1 bintang ,2x kesini mau pinjem buku ga bisa pertama dateng ga bisa pinjem buku karna belum cetak kartu anggota. Kedua kali dateng ga bisa pinjem lagi karna domisili bukan jabodetabek .... Luas biasa sekali kan,6 hari lalu
ChZDSUhNMG9nS0VJQ0FnSURCd2I3d01BEAE,Andy Aulya Nur Ali, 5 bintang ,,6 hari lalu
ChdDSUhNMG9nS0VJQ0FnSURCd1o2ajJnRRAB,Dewi Arianaa, 5 bintang ,,6 hari lalu
ChdDSUhNMG9nS0VJQ0FnSURCZ2F2TTFBRRAB,Adrianus, 1 bintang ,"The lifts are super packed, overcrowded.

(Diterjemahkan oleh Google)
Liftnya sangat padat, penuh sesak.",6 hari lalu
ChdDSUhNMG9nS0VJQ0FnSURCZ2VHdW9RRRAB,Meiska Fetesta, 5 bintang ,,6 hari lalu
ChdDSUhNMG9nS0VJQ0FnSUNLejhEYnVBRRAB,Luthfi Azizah Firdaus, 5 bintang ,,seminggu lalu
ChdDSUhNMG9nS0VJQ0FnSURCbnRPcjB3RRAB,Qayla zhr29, 3 bintang ,,seminggu lalu
ChdDSUhNMG9nS0VJQ0FnSURCbnJLVXd3RRAB,Venna Patricia, 5 bintang ,"buat anak jakarta (dan sekitar) yang laptopnya rusak dan butuh banget buat nugas, ruang multimedia di sini bs jadi alternatif. internetnya kuenceng pol, layarnya lebar, buka sampai jam setengah 9 malam. gratis sampe emoh. cumannya minum sama makan harus dititip di luar.

petugas di sini jg baik2 dan helpful. klo mau minjem buku bisa banget, bikin kartu dlu tapi nanti dipotoin, jangan lupa senyum

gedungnya juga bagus, bersih, kalo km kutu buku pasti bahagia sih di sini",seminggu lalu
ChdDSUhNMG9nS0VJQ0FnSURCbnNLamp3RRAB,Irfan Nur Fajri, 3 bintang ,,seminggu lalu
ChdDSUhNMG9nS0VJQ0FnSURCbnNqSHBBRRAB,Anggraeini, 5 bintang ,Nyaman belajar disiniüëçüèª ‚Ä¶,seminggu lalu
ChdDSUhNMG9nS0VJQ0FnSURCanMtYjRnRRAB,Rhesa AK, 5 bintang ,"Bagus sih Bisa jadikan Tempat meet-time+nongkrong""disana bareng Teman/Sahabat",seminggu lalu
ChZDSUhNMG9nS0VJQ0FnSURCdHRma2VnEAE,M.Alkadien Zakaria, 5 bintang ,,seminggu lalu
ChZDSUhNMG9nS0VJQ0FnSURCdHUzWVlnEAE,Irwan Junaedi, 5 bintang ,"Tempat nyaman, besar, Koleksi buku lengkap, pelayanan bagus, ramah. Hanya saja perkara lift benar-benar menjadi permasalahan besar. Lift penuh, antrean panjang, ada escalator cuma sampai lantai 4. Naik tangga lewat pintu darurat, ternyata pas sampai pintu yg dituju terkunci. Duh... mau menuju lantai yg dituju aja sampai setengah jam sendiri....",seminggu lalu
ChZDSUhNMG9nS0VJQ0FnSURCeHN1WGNBEAE,agung setyadi, 5 bintang ,"Akses liftnya wadidaw sekali, terlebih di waktu ramai pengunjung.",seminggu lalu
ChZDSUhNMG9nS0VJQ0FnSURCeHBYM0tREAE,Bunga Aisyah Anindita, 5 bintang ,"love this place!!!

(Diterjemahkan oleh Google)
suka tempat ini!!!",seminggu lalu
ChZDSUhNMG9nS0VJQ0FnSURCeHNqTWVnEAE,Fathimah Azzahra, 5 bintang ,"Tempat adem, full AC, bersih, tiap lantai ada toilet, ada ruang khusus belajar, ruang diskusi, ruang bermain dan bercerita untuk anak, masjid dan kantin.",seminggu lalu
ChdDSUhNMG9nS0VJQ0FnSURCLXNILTF3RRAB,teguh wawan, 5 bintang ,Bangunan relatif baru & kebersihan terjaga,seminggu lalu
ChZDSUhNMG9nS0VJQ0FnSURCNE5xYmJnEAE,Annabel Moore, 4 bintang ,,seminggu lalu
ChZDSUhNMG9nS0VJQ0FnSURCMnA3MklREAE,Atika Basyasyah, 5 bintang ,,seminggu lalu
ChZDSUhNMG9nS0VJQ0FnSURCMnJTMU5BEAE,Muhammad Sirril Asror, 5 bintang ,Desain interior dan luasnya ga ada obat,seminggu lalu
ChZDSUhNMG9nS0VJQ0FnSURCMnVESUpREAE,El Ha, 5 bintang ,"Perpustakaan yang banyak ruang terbuka, banyak spot untuk duduk2 mengobrol dan membaca buku dengan tenang, selain itu perpustakaan ini Ramah anak apalagi di lantai 7 khusus anak. Tersedia banyak buku2 menarik untuk anak. Dan anak bisa membaca, bermain dengan nyaman. Dilantai 7 juga tersedia toilet khusus anak dan mushola.
Jadi ga perlu pindah lantai untuk ke mushola.

Kantinnya juga lengkap dan murah. Ada di lantai 4. Tapi kalau musim liburan sangat ramai, dan kurang nyaman saat antri lift karena sangat penuh.
Namun untuk keseluruhan fasilitas di perpustakaan nasional ini sangat baik.",seminggu lalu
ChZDSUhNMG9nS0VJQ0FnSURCMnFEc0hBEAE,Hambigguh, 5 bintang ,"Though it was full of people dating back when i visited this place a year ago. This place is of course, astounding. It has a great internal architecture with giant bookshelf in the middle, making it seems grand and huge. You can also access nation's archive, where i was searching for, and find something most people probably not know about! Though you must be prepared, which is knowing what title of the archive you are going to search.

(Diterjemahkan oleh Google)
Meskipun penuh dengan orang-orang yang berkencan ketika saya mengunjungi tempat ini setahun yang lalu. Tempat ini tentu saja mencengangkan. Ini memiliki arsitektur internal yang bagus dengan rak buku raksasa di tengahnya, membuatnya tampak megah dan besar. Anda juga dapat mengakses arsip negara, tempat saya mencari, dan menemukan sesuatu yang mungkin tidak diketahui kebanyakan orang! Padahal Anda harus siap, yaitu mengetahui judul arsip apa yang akan Anda cari.",seminggu lalu
ChZDSUhNMG9nS0VJQ0FnSURCbXFYMkJnEAE,yeni sami, 5 bintang ,,seminggu lalu
ChdDSUhNMG9nS0VJQ0FnSURCbXFhVTRBRRAB,Ichsanie Assyifa, 5 bintang ,,seminggu lalu
ChdDSUhNMG9nS0VJQ0FnSURCaXV6NTVBRRAB,Subhan Hasan, 5 bintang ,Tempatnya nyaman dan ok banget,seminggu lalu
ChZDSUhNMG9nS0VJQ0FnSURCOHZYdkhnEAE,viska anggita, 5 bintang ,,seminggu lalu
ChdDSUhNMG9nS0VJQ0FnSURCOG9UNnBnRRAB,Nano 88, 5 bintang ,,seminggu lalu
ChdDSUhNMG9nS0VJQ0FnSURCc3BIUHF3RRAB,Beni Agustan, 5 bintang ,"suasana nyaman untuk membaca, muantapp",seminggu lalu
ChdDSUhNMG9nS0VJQ0FnSURCNHVlQ3FRRRAB,Nisrina Raihani, 4 bintang ,,seminggu lalu
ChdDSUhNMG9nS0VJQ0FnSURCNHR1UzhBRRAB,Muhamad Erwin Ferdiansyah, 5 bintang ,"Pengalaman pertama yang bagus.. Tempat nyaman internet mantep.. Ada banyak ruang yang fungsinya berbeda beda dan semuanya overall bagus..
But maybe bisa adain mushola tiap lantai agar engga perlu ke lantai 6 karena sering penuh terus lift nya..
Tapi semuanya oke sih..
Oiya cetak kartu anggota nya juga gampang dan pelayanan staff khusus nya keamanan nya juga bagus dan heppi",seminggu lalu
ChZDSUhNMG9nS0VJQ0FnSURCNHNyM05BEAE,Restu Pratiwi, 5 bintang ,"Baru pernah ke lantai 7 dan 24. So far so good. Kecuali untuk lift nya, mudah2an bisa sebanding dg banyaknya pengunjung.",seminggu lalu
ChZDSUhNMG9nS0VJQ0FnSURCNHF6WFhnEAE,Siti maria Ulpa, 5 bintang ,,seminggu lalu
ChZDSUhNMG9nS0VJQ0FnSURCb3RfUFl3EAE,Bima Mahardika01, 5 bintang ,Kebal resing,seminggu lalu
ChZDSUhNMG9nS0VJQ0FnSURCb3RHSlNnEAE,Nirmala, 5 bintang ,,seminggu lalu
ChdDSUhNMG9nS0VJQ0FnSURCd3BpRml3RRAB,Nurul Hidayah, 4 bintang ,"Perpus paling nyaman di jakarta versiku. Suasana nyaman dan tenang untuk baca buku, belajar, ataupun bekerja. Banyak pilihan buku. Pemandangan dari lantai 20 keatas cantik sekali. Tersedia kantin dan mushola. Minusnya cuma 1, liftnya lama banget huhu, jadi mending keluar 1 jam sebelum perpustakaan tutup untuk menghindari antri lift yang lama naudzubilla  h, jika listrik sudah dipadamkan dan lift mati, situasi terburuknya kita harus pake tangga darurat untuk turun ke lantai 1.",seminggu lalu
ChZDSUhNMG9nS0VJQ0FnSURCX00tR1lnEAE,yoga Pratama, 5 bintang ,,seminggu lalu
ChdDSUhNMG9nS0VJQ0FnSURCX0tLd3hnRRAB,Abdul Muhyidin, 5 bintang ,,seminggu lalu
ChZDSUhNMG9nS0VJQ0FnSURCX1BDaWRBEAE,Kartika Aryadiny, 4 bintang ,"Sangat baik jakarta sudah punya perpustakaan terbuka untuk umum, semoga kedepannya dapat dimanfaatkan semaksimal mungkin, seperti negara lain yang membuka perpustakaan sampai malam. Untuk kebersihan toilet tolong lebih di perhatikan lagi.",seminggu lalu
ChdDSUhNMG9nS0VJQ0FnSURCdlAtT3RBRRAB,Aviyu Nekha H5-06, 5 bintang ,"Kesini untuk pertama kalinya.
Pertama-tama masuk dan menitipkan barang di resepsionis (entah wajib atau tidak). Lalu ke lantai atas untuk membuat kartu anggota, kuota perhari 300 kartu (ketika itu). Siapkan tanda pengenal. Daftar pada komouter yang tersedia lalu cetak kartu anggota. Nantinya kita akan difoto untuk kartu tersebut (siapkan pemampilan).  Lalu kartu jadi..

Saya ke lantai 19 (ruang multimedia)
Nanti kartu anggota discan, terdapat 2 ruangan. 1. Ruangan dengan komputer 2. Ruangan tanpa komputer.

Untuk ruangan komputer kita bisa kerja santai dengan wifi yang tersedia (ketika itu wifinya lambat). Ada pilihan kursi dan lesehan. Stop kontak pun aman. Ada mushola dengan view yang indah.

Kapan-kapan mau main lagi kesana.
Thx",seminggu lalu
ChZDSUhNMG9nS0VJQ0FnSURCdkxmZlJ3EAE,nrhmdh, 5 bintang ,,seminggu lalu
ChdDSUhNMG9nS0VJQ0FnSURCdkxEam13RRAB,destar nj, 5 bintang ,,seminggu lalu
ChdDSUhNMG9nS0VJQ0FnSURCM0l1TjB3RRAB,achmat isrokim, 5 bintang ,Rekomendasi untuk pencarian buku,seminggu lalu
ChZDSUhNMG9nS0VJQ0FnSURCckp6VERBEAE,Najla Nur Fauziyah, 5 bintang ,,seminggu lalu
ChZDSUhNMG9nS0VJQ0FnSURCekpfbmZ3EAE,Vanessa, 5 bintang ,,seminggu lalu
ChZDSUhNMG9nS0VJQ0FnSURCek9YbEFREAE,Ujang Rusmana, 5 bintang ,"Keren pokoknya, yuk ke Perpusnas",seminggu lalu
ChZDSUhNMG9nS0VJQ0FnSURCekppeFBREAE,Jasmine, 5 bintang ,,2 minggu lalu
ChdDSUhNMG9nS0VJQ0FnSURCak8tQXFRRRAB,Êùæ‰∫ï„Å≤„Çç„Åü„Åã, 5 bintang ,"(Diterjemahkan oleh Google) Perpustakaan ini berada di seberang Monas.
Namun, saya tidak mengerti bahasa Indonesia jadi saya tidak terlalu menikmatinya.

Lingkungannya luar biasa, dan ada juga ruang makan di lantai paling atas.

(Asli)
„É¢„Éä„Çπ„ÅÆÂêë„Åã„ÅÑÂÅ¥„Å´„ÅÇ„Çã„Åì„Å°„Çâ„ÅÆÂõ≥Êõ∏È§®„ÄÇ
„Åó„Åã„Åó„ÄÅ„Ç§„É≥„Éâ„Éç„Ç∑„Ç¢Ë™û„Åå„Çè„Åã„Çâ„Å™„Åã„Å£„Åü„ÅÆ„Åß„ÅÇ„Åæ„ÇäÊ•Ω„Åó„ÇÅ„Åæ„Åõ„Çì„Åß„Åó„Åü„ÄÇ

Áí∞Â¢É„ÅØÊäúÁæ§„Åß„ÄÅÊúÄ‰∏äÈöé„Å´„ÅØÈ£üÂ†Ç„ÇÇÂÆåÂÇô„Åï„Çå„Å¶„Åæ„Åô„ÄÇ",2 minggu lalu
ChdDSUhNMG9nS0VJQ0FnSURCak5lbm5nRRAB,waode marsina, 5 bintang ,"Firstime kesini dan langsung suka
Bakal jadi tempat favorit buat metime sih",2 minggu lalu
ChZDSUhNMG9nS0VJQ0FnSURCdEtENkV3EAE,Raihana, 4 bintang ,,2 minggu lalu
ChdDSUhNMG9nS0VJQ0FnSURCbEktcTBRRRAB,Jennifer Lizardi, 5 bintang ,"Perpusnas layak disebut sebagai pusat koleksi seni dan sastra nasional. Bangunan setinggi 24 lantai ini tidak hanya berisi macam-macam buku, tetapi ada juga beragam karya seni seperti lukisan, alat musik, patung, dan lain sebagainya yang tersebar di beberapa lantai.

Perpusnas juga menyediakan fasilitas-fasilitas lain mulai dari kantin, ruang komputer, ruang baca hingga rooftop. Terkadang ada pula pameran di waktu-waktu tertentu. Namun perlu diperhatikan bahwa lift-lift di sini agak kecil dan eskalator hanya sampai di lantai 4.",2 minggu lalu
ChZDSUhNMG9nS0VJQ0FnSURCbFB5a1B3EAE,Dewi Putri Aprianti Asuro, 5 bintang ,,2 minggu lalu
ChZDSUhNMG9nS0VJQ0FnSURCNUtPeUZnEAE,Wahyu Wastuti, 5 bintang ,Tempat yg nyaman,2 minggu lalu
ChdDSUhNMG9nS0VJQ0FnSURCeE9IWnN3RRAB,Kenari Flower, 5 bintang ,,2 minggu lalu
ChZDSUhNMG9nS0VJQ0FnSURCaElESVl3EAE,Husni Mubarok, 5 bintang ,Sangat baik.,2 minggu lalu
ChdDSUhNMG9nS0VJQ0FnSURCLU1Qb2d3RRAB,Friz, 5 bintang ,,2 minggu lalu
ChZDSUhNMG9nS0VJQ0FnSURCLU5YNGZREAE,Nur Fajriah Shulhusiah, 5 bintang ,,2 minggu lalu
ChZDSUhNMG9nS0VJQ0FnSURCLU16alF3EAE,Martina evi, 5 bintang ,"Perpustakaan yang sangat nyaman untuk skripsian, nyaman, pelayanannya oke bgt, akses informasi ketersediaan buku yang dicari juga mudah banget melalui website, meminjam atau mengembalikan buku juga mudah, satu saran aja untuk liftnya bisa diperbanyak karna perpustakaanya setiap hari selalu ramai",2 minggu lalu
ChdDSUhNMG9nS0VJQ0FnSURCdVBXTjlBRRAB,Siti Mariam, 5 bintang ,"Tempatnya nyaman sekali, hanya saja harus ekstra sabar jika ingin naik lift",2 minggu lalu
ChdDSUhNMG9nS0VJQ0FnSURCdU9TYjBnRRAB,Ahmad Riyadi, 5 bintang ,"Tempat membaca/perpustakaan yg paling nyaman se indonesia menurut saya
Semua ruang ber ac bersih rapih
Ada beberapa ruang/lantai di batasi jam operasionalnya
Masuk kesini gratis
Ada kantin di atas lantai 4
Klo musim liburan malah ramai di sini
Akomodasi ke sini mudah",2 minggu lalu
ChdDSUhNMG9nS0VJQ0FnSURCNk1xRDJnRRAB,Natasha Irene, 4 bintang ,"Huge library 24 lantai, koleksi buku banyak tapi blm sempat baca karen udh capek duluan nunggu liftnya üòÖ. Lift ada 6 tapi lama nunggunya dan selalu penuh, sedangkan, eskalator hanya smpai lantai 4 dan buku2 koleksi ada di lt. 12 keatas. Ada loker untuk penyimpanan jd gk perlu bawa barang2 banyak ke atas. Sinyal sangat sulit, tp bisa menggunakan wifi perpus. Kantin harga standar, tapi menu kurang beragam.

Saran:
-mohon agar bisa menambahkan kuota antrian untuk bikin kartu, kuota hanya 300 perhari dan jam 2 sudah habis.. hrs tunggu smpe jam 4 untuk bisa dilayani lagi.
-mohon bisa diatur agar lift bisa cepat digunakan, karena banyak orang yg bahkan masuk ikut lift turun dulu buat naik keatas agar bisa dpt tempat",2 minggu lalu
ChZDSUhNMG9nS0VJQ0FnSURCcUxEZUp3EAE,Edel Trudizh, 5 bintang ,"Pertama kali ke sini, langsung jatuh cinta. Maklum, saya tipe orang yang hobi banget baca buku. Sayangnya waktu itu belum bisa eksplorasi lebih jauh karena waktu yang terbatas. Ke sini untuk ikut peluncuran novel teman-teman. Next time haru balik ke sini lagi. Ini tempat recommended bangat.",2 minggu lalu
ChZDSUhNMG9nS0VJQ0FnSURCeU5mNGRnEAE,Vidi Pihdi, 5 bintang ,,2 minggu lalu
ChdDSUhNMG9nS0VJQ0FnSURCeUtmaGx3RRAB,Della Wiyanti, 5 bintang ,,2 minggu lalu
ChZDSUhNMG9nS0VJQ0FnSURCaUpDWFJnEAE,Natanael Iyandra, 5 bintang ,Pindah dari Salemba ke sini. Makin keren :),2 minggu lalu
ChZDSUhNMG9nS0VJQ0FnSURCOElxcU53EAE,Izzah Cheeva Anbiya, 5 bintang ,,2 minggu lalu
ChZDSUhNMG9nS0VJQ0FnSURCa052T1BBEAE,Ravi Ramadhan, 5 bintang ,"Best library in Jakarta. Pelayanan pembuatan kartu perpus cepat, tempatnya nyaman. Buat minjem buku juga enak banget. Banyak colokan, wifi cepet. Satu2nya masalah hanyalah kesediaan lift yang terlalu sedikit karena 1 lift rusak dan yang datang sangat banyak.",2 minggu lalu
ChdDSUhNMG9nS0VJQ0FnSURCa1BHTTZRRRAB,Syelvina Apriliani, 4 bintang ,,2 minggu lalu
ChdDSUhNMG9nS0VJQ0FnSURCNFBtU3JBRRAB,Yuwan Rahma Maulidah, 5 bintang ,,2 minggu lalu
ChdDSUhNMG9nS0VJQ0FnSURCNE1LUm1RRRAB,nazwa sabrina, 5 bintang ,,2 minggu lalu
ChdDSUhNMG9nS0VJQ0FnSURCb0xmbTd3RRAB,Childemeister, 5 bintang ,,2 minggu lalu
ChZDSUhNMG9nS0VJQ0FnSURCb0o2eVBBEAE,Tati Sumiati, 5 bintang ,"Petugasnya ramah2, tempatnya nyaman",2 minggu lalu
ChdDSUhNMG9nS0VJQ0FnSURCd09fcmdRRRAB,Riki AR, 4 bintang ,Sangat nyaman,2 minggu lalu
ChdDSUhNMG9nS0VJQ0FnSURCd09PMjhnRRAB,Malika Sidik Prabowo, 2 bintang ,Lift nya Kurang Banyak. Akses Eskalator syaangnya hanya sampai lt. 4,2 minggu lalu
ChdDSUhNMG9nS0VJQ0FnSUMteDdPYW9RRRAB,Rosali Maulana, 5 bintang ,"Daftar keanggotaan mudah, cepat dan gratis! Koleksi bukunya lengkap. Pokoknya keren bangetlah perpusnas sekarangüëçüëçüëç ‚Ä¶",2 minggu lalu
ChdDSUhNMG9nS0VJQ0FnSUNCXy1lSXpnRRAB,Nur Alif Laela, 5 bintang ,Tips buat yang mau kesini buat nyari referensi skripsi.. lbh baik nyari dulu di website perpusnas apa bukunya available atau ngga dan biasanya ada info bukunya ada di lantai mana jd gausah susah susah nyari.. sepengalaman gua jg di bbrpa lantai kaya lantai 12 dan 12A mesti punya kartu dulu baru bisa pinjem bukunya untk dibaca.. dan itupun cuma bsa satu buku sekali pinjem.. lgsg bikin kartu anggota juga klo bisa..dtg pagi di weekday,2 minggu lalu
ChZDSUhNMG9nS0VJQ0FnSUNCXy1MMFNnEAE,Muhammad Faqih Mubarok, 5 bintang ,"Tempat publik yang layak dikunjungi, dengan fasilitas nya yang memadai",2 minggu lalu
ChdDSUhNMG9nS0VJQ0FnSUNCMy1mR29nRRAB,Sahilla Ashar, 3 bintang ,,2 minggu lalu
ChdDSUhNMG9nS0VJQ0FnSUNCMzRYRXRBRRAB,ANGGI FEBRIANTI, 5 bintang ,,2 minggu lalu
ChZDSUhNMG9nS0VJQ0FnSUNCcjlhZEZREAE,Fadhil Nugroho Adi, 5 bintang ,"Buat semuanya yang mencintai literasi, tempat ini adalah surga. Kunjungilah dan nikmati semua layanan yang ada. Sangat menyenangkan! Apalagi bisa dapat buku dan jurnal secara cuma-cuma yang bisa dibawa pulang üíú ‚Ä¶",2 minggu lalu
ChdDSUhNMG9nS0VJQ0FnSUNCci1TZm1RRRAB,Dhie 's, 5 bintang ,Mau wisata edukasi gratis kesini aja ‚ò∫Ô∏è,2 minggu lalu
ChdDSUhNMG9nS0VJQ0FnSUNCejlUSnZBRRAB,ranti damaiyanti, 4 bintang ,,2 minggu lalu
ChZDSUhNMG9nS0VJQ0FnSUNCal9MSVNREAE,vinda wibowo, 5 bintang ,,2 minggu lalu
ChdDSUhNMG9nS0VJQ0FnSUNCajRMb3l3RRAB,Fika Ardita, 5 bintang ,Jendelanya dunia. Tempat ini wajib dikunjungi. Fasilitasnya lengkap. Area baca anak di lantai 7 juga sangat nyaman. Anak-anak pasti suka menghabiskan waktu di sini. Favorit saya lantai 24. Duduk di kursi yang sudah disediakan dan menghadap Monumen Nasional. Cocok untuk kerja biar gak di cafe terus. Untuk pendaftaran anggota adanya di lantai 2. Kemudian di sini juga ada kantin yang cukup luas di lantai 4.,2 minggu lalu
ChdDSUhNMG9nS0VJQ0FnSUNCOTVlSG9nRRAB,Akbar Aram, 5 bintang ,"Tempatnya tenang dan adem, cocok untuk mengerjakan tugas kuliah atau kerja yang butuh ketenangan, kalau main ke sini jangan lupa ke lantai 24, akan dapet view yang bagus kearah monas dan laut, cocok untuk foto
Niceee",2 minggu lalu
ChZDSUhNMG9nS0VJQ0FnSUNCOV8yb2R3EAE,Rifki Hikmawan, 5 bintang ,,2 minggu lalu
ChdDSUhNMG9nS0VJQ0FnSUNCOTVXTTZRRRAB,Siti Faikotul Khamidah, 5 bintang ,,2 minggu lalu
ChZDSUhNMG9nS0VJQ0FnSUNCOTZXd1J3EAE,Huda ziyyanul Fikri, 5 bintang ,,2 minggu lalu
ChdDSUhNMG9nS0VJQ0FnSUNCOThiQ2pnRRAB,‚Ä¢ITZ MIYA‚Ä¢, 2 bintang ,,2 minggu lalu
ChdDSUhNMG9nS0VJQ0FnSUNCNV9QVHpRRRAB,Abdul Malik Rizq, 5 bintang ,,2 minggu lalu
ChdDSUhNMG9nS0VJQ0FnSUNCcDhmYWpnRRAB,Mulyani Chairudin, 5 bintang ,,3 minggu lalu
ChdDSUhNMG9nS0VJQ0FnSUNCcDhmbTl3RRAB,Bunga Cinta Ananda Rusman, 5 bintang ,,3 minggu lalu
ChZDSUhNMG9nS0VJQ0FnSUNCcC1QZVFREAE,Jafar Abdul Ghoffar, 5 bintang ,"Luar biasaa. Sebuah tempat yang berfungsi lebih banyak dibandingkan perpustakaan pada umumnya (sebenarnya wajar karena perpustakaan nasional).
Perpustakaan ini selain menyimpan banyak sekali refrensi, bisa juga sebagai tempat anak-anak berwisata sehingga anak mengenal perpustakaan sedini mungkin.
Bagi mahasiswa/karyawan yang memerlukan ruang untuk mengerjakan tugas juga dapat melakukannya di perpustakaan ini.",3 minggu lalu
ChZDSUhNMG9nS0VJQ0FnSUNCeDk3RkxnEAE,Agus Soesianto, 5 bintang ,Pelayanan memuaskan ...,3 minggu lalu
ChZDSUhNMG9nS0VJQ0FnSUNCaDh1ZFhBEAE,Billi Zain, 5 bintang ,,3 minggu lalu
ChdDSUhNMG9nS0VJQ0FnSUNCMjczVDN3RRAB,Delia Hestika Putri, 5 bintang ,,3 minggu lalu
ChdDSUhNMG9nS0VJQ0FnSUNCMl9XNzNBRRAB,Tirta Mayapada, 5 bintang ,,3 minggu lalu
ChZDSUhNMG9nS0VJQ0FnSUNCMjRXYkhnEAE,Hani Yolanda, 5 bintang ,"MasyaAllah.. paket komplitttt jiwa readers ku bergejolakkk

Mana ada koperasi dan kantinnya..üåüüåüüåüüåüüåü ‚Ä¶",3 minggu lalu
ChdDSUhNMG9nS0VJQ0FnSUNCMjlyY3dRRRAB,nurul ihda asyarah, 4 bintang ,"Bagus, nyari berbagai referensi insyaAllah lengkap disini, bawa anak-anak pun mereka seneng karena ada koleksi bacaan buat anak-anak juga, tapi kalo bisa ditambah koleksi bacaan bahasa Inggris untuk anak-anaknya yaa..trus yang agak kurang memadai itu fasilitas liftnya sangat terbatas apalagi saat peak time, ketika banyak pengunjung, mengantri lift butuh waktu lama, jadi tidak leluasa untuk mengunjungi beberapa lantai, alternatif bisa melalui tangga darurat, namun sayang sekali beberapa pintu tangga darurat kadang dikunci sehingga tidak bisa diakses, alangkah baiknya pintu tangga darurat selalu dibuka agar pengunjung yang tidak naik lift bisa melalui tangga sehingga tidak menumpuk di depan pintu lift, selain itu mengantisipasi juga jika terjadi bencana alam seperti gempa, agar sebaiknya pintu tangga darurat selalu tersedia",3 minggu lalu
ChdDSUhNMG9nS0VJQ0FnSUNCMl96YnpRRRAB,Irma Adelia, 5 bintang ,,3 minggu lalu
ChZDSUhNMG9nS0VJQ0FnSUNCbS1Xb1NBEAE,rizky2029, 1 bintang ,"Kalau lagi rame liftnya chaos banget, bikin stres",3 minggu lalu
ChZDSUhNMG9nS0VJQ0FnSUNCNjdfSlJ3EAE,Alfian Nurfalah, 4 bintang ,,3 minggu lalu
ChZDSUhNMG9nS0VJQ0FnSUNCNjhXU1ZREAE,defi supri, 5 bintang ,"Datang ke perpusnas sekitar jam 10, satpam mengarahkan kalau br pertama datang ke lt. 2 untuk membuat/mencetak kartu anggota terlebih dahulu. Antrian di lt. 2 kondusif banget, ada 3 petugas yg in-charge jd flow nya cepat.
Setelah itu, lanjut explore sampai lt. 22 (lift akan mudah diakses dg antrian yg santai asal jgn mendekati jam 12 siang). Tapi ternyata kalau kota tdk berniat pinjam buku (hanya baca di tempat), ga perlu ke lt. 2 untuk daftar jg gpp kok..bs lgsg exploring aja.

Senangnya ke perpusnas, parkir luas (ga harus parkir di monas), ada kantin (dan minimarket) dg pemandangan monas yg affordable, koleksi buku lengkap, dan tempatnya yg luas bisa dipakai untuk working space.",3 minggu lalu
ChZDSUhNMG9nS0VJQ0FnSUQtdHByWllnEAE,Nadila, 5 bintang ,Keren banget kemarin ikut acara talkshow komnas perlindungan tembakau di perpusnas... best experience üí´ ‚Ä¶,3 minggu lalu
ChZDSUhNMG9nS0VJQ0FnSUNCeTRLSlhBEAE,Annisa Indah vuspita, 5 bintang ,"Perpustakaan megah,terlengkap dan nyaman.inspirasi untuk yang didaerah agar bisa mencontoh.",3 minggu lalu
ChdDSUhNMG9nS0VJQ0FnSUNCaTgtbXdBRRAB,Hafiz Hisbullah, 5 bintang ,"Buat kerja bisa bet, rekomendasi lt 19 di bagian workspace nya",3 minggu lalu
ChZDSUhNMG9nS0VJQ0FnSUNCaTREUUpBEAE,Dwi Novitawati, 5 bintang ,Seru kalau ke Perpusnas tuh. Tempatnya nyaman dan bisa smpe mlm juga kalau weekday,3 minggu lalu
ChdDSUhNMG9nS0VJQ0FnSUNCOC0tVGd3RRAB,Naila Haerani, 5 bintang ,,3 minggu lalu
ChZDSUhNMG9nS0VJQ0FnSUNCNDYtbE9nEAE,Lia Dewi Annisa, 5 bintang ,,3 minggu lalu
ChdDSUhNMG9nS0VJQ0FnSUNCNDZXcWh3RRAB,Mohammad Khatami, 5 bintang ,,3 minggu lalu
ChdDSUhNMG9nS0VJQ0FnSUNCNDRIX193RRAB,Annabella Sutanto, 3 bintang ,Datang jam 3 udah kehabisan nomor antrian. Lift nya lama banget sampai ngga jadi mending keluar aja,3 minggu lalu
ChZDSUhNMG9nS0VJQ0FnSUNCNDZDSGVBEAE,Arif Noviyanto, 5 bintang ,"Tempat nya bagus dan fasilitas nya sudah sangat lengkap, untuk para staff juga melayani dengan baik",3 minggu lalu
ChdDSUhNMG9nS0VJQ0FnSUNCbzd2aTVRRRAB,Dede Manembu, 5 bintang ,,3 minggu lalu
ChdDSUhNMG9nS0VJQ0FnSUNCb18zejVBRRAB,Febrianto Palumpun, 5 bintang ,,3 minggu lalu
ChdDSUhNMG9nS0VJQ0FnSUNCbzdtOHBRRRAB,Sky Arie, 5 bintang ,,3 minggu lalu
ChdDSUhNMG9nS0VJQ0FnSUNCbzZtM3FnRRAB,Muhammad Rizki Sukandi, 5 bintang ,,3 minggu lalu
ChZDSUhNMG9nS0VJQ0FnSUNZb2YzS1BREAE,Moca, 4 bintang ,"Untuk konten digital nya belum terlalu banyak bisa di download, tpi untuk fasilitas lengkap, nyaman.. akses transportasi mudah, terletak di pusat kota jakarta",3 minggu lalu
ChdDSUhNMG9nS0VJQ0FnSUNCdzZleXZBRRAB,Fajri, 5 bintang ,,3 minggu lalu
ChdDSUhNMG9nS0VJQ0FnSUNCdzhpMWlBRRAB,Teksta, 5 bintang ,,3 minggu lalu
ChdDSUhNMG9nS0VJQ0FnSUNCM2RfM2hnRRAB,Hana Shafira Aulia, 5 bintang ,,3 minggu lalu
ChZDSUhNMG9nS0VJQ0FnSUNCM2UtS2VREAE,Ita Tsabitah, 5 bintang ,tempat yg nyaman banget buat ngerjain tugas,3 minggu lalu
ChZDSUhNMG9nS0VJQ0FnSUNCM2VfT0tREAE,abu hasbi, 1 bintang ,"Resepsionisnya cuek dengang pengunjung, sibuk main handphone. Bagikan kunci loker tanpa melihat pengunjung, apalagi utk menyapa.",3 minggu lalu
ChdDSUhNMG9nS0VJQ0FnSUNCM2ZQd29nRRAB,18_057 Muhammad aditya, 5 bintang ,,3 minggu lalu
ChZDSUhNMG9nS0VJQ0FnSUNCM2NIT0xnEAE,riri prastity, 5 bintang ,"Koleksi buku anaknya superb dan memuaskan buat buku-buku bahasa Indonesia. Suasana perpus anaknya nyaman dan anak betah membaca disana. Kami tidak meminjam buku disana karena khawatir sulit mengembalikannya. Musholla ada di lantai 6 dan 7. Liftnya cuma ada 5, dan kapasitasnya 13 orang. Dan 1 lift sedang tidak beroperasi, total ada 6 lift untuk pengunjung. Padahal banyak banget pengunjung yang antri. Kalo mau naik tangga darurat, tangga daruratnya berdebu mohon ditingkatkan kebersihannya. Toilet di lantai 7 sebaiknya ada petugas standby karena anak2 yang menggunakan toilet sering membuat lantai toiletnya basah. Walaupun begitu, kami rencananya akan kembali ke perpusnas karena senang sekali membaca disana. üëç",3 minggu lalu
ChZDSUhNMG9nS0VJQ0FnSUNCM1o2R0pREAE,Nabilah Arofah, 5 bintang ,,3 minggu lalu
ChZDSUhNMG9nS0VJQ0FnSUNCbmV1SkpBEAE,Xhoi Julia, 1 bintang ,"Over populasi, liftnya kurang banyak, mungkin eskalatornya bisa lebih dibaiki lagi",3 minggu lalu
ChdDSUhNMG9nS0VJQ0FnSUNtdWNtMDdBRRAB,Azmi Nawwar, 5 bintang ,"Perpustakaan Nasional Republik Indonesia adalah salah satu perpustakaan terbesar di Indonesia yang terletak di Jakarta. Perpustakaan ini memiliki koleksi buku yang sangat lengkap, mulai dari buku-buku teks hingga buku-buku referensi yang bermanfaat untuk penelitian. Selain itu, perpustakaan ini juga memiliki fasilitas yang sangat nyaman bagi para pengunjung, seperti ruang baca yang luas dan tenang, serta akses internet yang cepat.

Perpustakaan Nasional Republik Indonesia juga menyelenggarakan berbagai kegiatan edukatif seperti workshop, seminar, dan lokakarya yang bermanfaat bagi masyarakat. Selain itu, perpustakaan ini juga menyediakan layanan pinjam-meminjam buku bagi para pengunjung, sehingga memudahkan para pengunjung untuk meminjam buku sesuai dengan kebutuhan.

Overall, Perpustakaan Nasional Republik Indonesia merupakan salah satu perpustakaan terbaik di Indonesia yang wajib dikunjungi bagi para pecinta buku dan pencari informasi. Fasilitas yang disediakan sangat nyaman dan kegiatan edukatif yang diselenggarakan sangat bermanfaat bagi masyarakat.",3 minggu lalu
ChdDSUhNMG9nS0VJQ0FnSUNCcllybnh3RRAB,Dewi LS, 5 bintang ,"salah satu spot fav aku di jakarta, kualitas layanannya bagus, koleksi buku lengkaaappp, tempatnya nyaman dan akses kendaraannya juga gampang. yang jadi minusnya menurutku cuma jaringan wifi yg lemooottt kalo rame pengunjung, selebihnya sih udah bagus. semoga bisa ditingkatkan ya kualitas jaringan wifinya biar lebih nyaman nugas/kerja disana.",3 minggu lalu
ChdDSUhNMG9nS0VJQ0FnSUNCOWZIbGtBRRAB,MUHAMMAD DAFFA HILMI, 5 bintang ,,3 minggu lalu
ChZDSUhNMG9nS0VJQ0FnSUNCOVk3cVN3EAE,Essa Febriana, 5 bintang ,,3 minggu lalu
ChZDSUhNMG9nS0VJQ0FnSUNCMWFQWlJ3EAE,Gina Fauziah, 5 bintang ,Nyaman banget buat nugas dan ajak pelajar kesini,3 minggu lalu
ChdDSUhNMG9nS0VJQ0FnSUNCNWNlMl93RRAB,Abdullah Muis, 5 bintang ,Nyaman banget. Bisa sampai lantai paling atas. Viewnya mantab. Istiqlal terlihat keren. Baca buku enak ada Wifi-nya. Fasilitas bagus. Jangan lupa juga foto.‚ù§Ô∏èüáÆüá© ‚Ä¶,3 minggu lalu
ChZDSUhNMG9nS0VJQ0FnSUNCaGFLdlhnEAE,desi natalia, 5 bintang ,,3 minggu lalu
ChZDSUhNMG9nS0VJQ0FnSUNCaGZ5YUtREAE,Subagyo Hs, 5 bintang ,,3 minggu lalu
ChdDSUhNMG9nS0VJQ0FnSUNCaFpTWm1RRRAB,Nisrina, 5 bintang ,,3 minggu lalu
ChZDSUhNMG9nS0VJQ0FnSUNCLWV5VGR3EAE,Ronald Anthony, 5 bintang ,"Bagi yang suka buku sangat direkomendasikan untuk kesini, surganya buku dan berbagai koleksi tersedia disini, hingga 24 lantai perpusnas disini, untuk bikin keanggotaan bisa disini baik secara online maupun melalui komputer yang tersedia disini. Tapi untuk percetakan kartu anggota hanya untuk 300 org per sesi nya dan nanti dibuka lagi percetakan untuk 300 org yamg sama di sesi jam 16.00. Saran saya kalau mau cetak kartu datang awal saja karena tidak terlalu ramai.",4 minggu lalu
ChdDSUhNMG9nS0VJQ0FnSUNCLVpDTXFBRRAB,Nurlaili Hasmalia J, 5 bintang ,,4 minggu lalu
ChZDSUhNMG9nS0VJQ0FnSUNCdWQ2YkV3EAE,Muhammad Rasyach Ramadhan, 5 bintang ,"Bagus perpustakaan nya, lengkap tapi kalo menurutku lebih baik kunjungin pas weekday biar ga terlalu rame. Lift nya kadang juga lumayan nunggu buat naik-turun, fasilitas lengkap sih.",4 minggu lalu
ChdDSUhNMG9nS0VJQ0FnSUNCNmJXVXFnRRAB,Dedyanto Lie, 3 bintang ,,4 minggu lalu
ChdDSUhNMG9nS0VJQ0FnSUNCNmRDZnh3RRAB,Rahayu Septiyanti Sukmana, 5 bintang ,,4 minggu lalu
ChdDSUhNMG9nS0VJQ0FnSUNCNmNDSnVRRRAB,Ummy Resa, 5 bintang ,,4 minggu lalu
ChZDSUhNMG9nS0VJQ0FnSUNtOGNyalV3EAE,gojek jkt driver, 5 bintang ,Mantap buat istirahat menambah wawasan pengetahuan,4 minggu lalu
ChZDSUhNMG9nS0VJQ0FnSUNCcVo3SlJnEAE,Putri Martiza, 5 bintang ,üëçüëçüëç ‚Ä¶,4 minggu lalu
ChZDSUhNMG9nS0VJQ0FnSUNCcVpya1hREAE,Silvera Yendi, 5 bintang ,Nyaman üëçüèª ‚Ä¶,4 minggu lalu
ChZDSUhNMG9nS0VJQ0FnSUNCcVlqRlZ3EAE,Risqi ahmad, 1 bintang ,Tas saya hilangüò° ‚Ä¶,4 minggu lalu
ChdDSUhNMG9nS0VJQ0FnSUNCcWVDaXN3RRAB,Nadhifa Triatma, 3 bintang ,"Mengantri lift bisa sampai mengambil waktu 15 menit sendiri, staff kantin kurang ramah. Sangat crowded.",4 minggu lalu
ChZDSUhNMG9nS0VJQ0FnSUNCcVlEWUNBEAE,Kosasih SVR, 4 bintang ,,4 minggu lalu
ChZDSUhNMG9nS0VJQ0FnSUNCeWZlN09REAE,Adisa Raisha Ramsya, 5 bintang ,,4 minggu lalu
ChdDSUhNMG9nS0VJQ0FnSUNCeWJPdF9nRRAB,katarina ayu, 5 bintang ,,4 minggu lalu
ChZDSUhNMG9nS0VJQ0FnSUNCeWZTc1l3EAE,Ayunda Budisetia, 5 bintang ,Tempatnya nyaman. Akses menuju lokasipun mudah,4 minggu lalu
ChdDSUhNMG9nS0VJQ0FnSUNCMGNuMTBRRRAB,Aprianus Lawolo, 5 bintang ,,4 minggu lalu
ChZDSUhNMG9nS0VJQ0FnSUNCa2NfekxBEAE,Erna, 5 bintang ,menyenangkan sekali berada disini,4 minggu lalu
ChdDSUhNMG9nS0VJQ0FnSUNCMGNDeWt3RRAB,Nandita Apriliana, 5 bintang ,,4 minggu lalu
ChdDSUhNMG9nS0VJQ0FnSUNCa2VQV3BRRRAB,nings earendil, 3 bintang ,"Tempat bagus, buku-buku juga bisa jadi referensi.. Tapi akses untuk naik turunnya kurang efektif dan menyulitkan :(

Butuh waktu lama hanya untuk naik turun saja, semisal ke mushalla.

Masukan :
Akses pengunjung naik turun bisa dipermudah, maybe setiap lantai bisa disediakan ruang shalat kalo akses naik turunnya lama.",4 minggu lalu
ChZDSUhNMG9nS0VJQ0FnSUNCa2FQTGV3EAE,38. ŸÖÿ¨ŸäÿØ ÿ£ŸàŸÑŸäÿßÿ° ÿßŸÑŸÖŸÇÿØÿßÿØ, 5 bintang ,Lantai 22 nya sangat mengesankan,4 minggu lalu
ChZDSUhNMG9nS0VJQ0FnSUNCNGZ2Z09nEAE,Bibit Slamet Yulriyadi, 5 bintang ,"Mantab banget, perpustakaan keren megah anak suka orang tua suka jos lah",4 minggu lalu
ChdDSUhNMG9nS0VJQ0FnSUNCd2VfcTVRRRAB,fadiya dina, 5 bintang ,"If you like the view of Jakarta from above, you should go to 24th floor. You can also rest your head for a while because it has cozy and comfortable ambience. The book collection for kids are complete too. Nice place to visit for educational and recreational purpose.

(Diterjemahkan oleh Google)
Jika Anda menyukai pemandangan Jakarta dari atas, Anda harus pergi ke lantai 24. Anda juga bisa mengistirahatkan kepala sejenak karena memiliki suasana yang cozy dan nyaman. Koleksi buku untuk anak-anak juga lengkap. Tempat yang bagus untuk dikunjungi untuk tujuan pendidikan dan rekreasi.",4 minggu lalu
ChZDSUhNMG9nS0VJQ0FnSUNCZ1pmN0ZnEAE,Rahardiyan Ferdinanto, 4 bintang ,"public national library
need improvement

(Diterjemahkan oleh Google)
perpustakaan umum nasional
perlu perbaikan",4 minggu lalu
ChdDSUhNMG9nS0VJQ0FnSUNCZ2J2YnVBRRAB,Tatiana Putri, 3 bintang ,,4 minggu lalu
ChdDSUhNMG9nS0VJQ0FnSUNCZ2J1NXRBRRAB,selvi juanti (Selvijua31), 5 bintang ,Di lantai paling atas lantai 24 bisa menikmati pemandangan monas dari atas. Sambil baca buku budaya nusantara.,4 minggu lalu
ChZDSUhNMG9nS0VJQ0FnSUNCZ2FuZkh3EAE,Achmad Syarif, 5 bintang ,,4 minggu lalu
ChZDSUhNMG9nS0VJQ0FnSUNCZ2VxdWZREAE,Fairuze Muhammad, 5 bintang ,,4 minggu lalu
ChZDSUhNMG9nS0VJQ0FnSUNCZ1pTeE1REAE,val, 4 bintang ,,sebulan lalu
ChZDSUhNMG9nS0VJQ0FnSUNCZ2NTRVdREAE,anisa fitri yani, 5 bintang ,,sebulan lalu
ChdDSUhNMG9nS0VJQ0FnSUNCZ1lTcGtBRRAB,Wulan Maulidia, 5 bintang ,,sebulan lalu
ChZDSUhNMG9nS0VJQ0FnSURXb29mV1VnEAE,Eva Jabar, 5 bintang ,Tempat yang sangat menyenangkan buat anak-anak...,sebulan lalu
ChZDSUhNMG9nS0VJQ0FnSUNCX3VLVldnEAE,Fajar Kuswaya, 1 bintang ,Antusiasme pengunjung tidak diimbangi dengan lift yang memadai,sebulan lalu
ChZDSUhNMG9nS0VJQ0FnSUNCX3ZTbklnEAE,Rengganis Ridwan Heru Santoso, 3 bintang ,"Secara umum Perpusnas memiliki layanan yang sangat baik, mulai dari berbagai macam koleksi yang dimiliki, sampai dengan kesigapan dan keramahan petugas-petugasnya. Dua hal yang saya sayangkan dari Perpusnas: (1) antrian lift yang terlalu panjang dan kurang efisien serta (2) matinya keran dan/atau ketiadaan sabun cuci tangan pada tempat-tempat yang tersedia, termasuk kamar mandi. EDIT: Pencahayaan pada bagian museum juga cenderung minim dan kurang strategis. Bagian berisi teks justru tidak diberi pencahayaan yang baik.",sebulan lalu
ChZDSUhNMG9nS0VJQ0FnSUNCdnJfTlVBEAE,Doyeon Daisy, 5 bintang ,,sebulan lalu
ChdDSUhNMG9nS0VJQ0FnSUNCdnEtOHZ3RRAB,khaidir arief, 1 bintang ,"27 Desember 2022.
Lantai 9
Petugas jaganya makan gaji buta, pengunjung berisik di ruang baca bukannya mengingatkan malah diem aja maen hp.",sebulan lalu
ChdDSUhNMG9nS0VJQ0FnSUNCN3NIZ2pBRRAB,Nans, 5 bintang ,,sebulan lalu
ChZDSUhNMG9nS0VJQ0FnSUNCN3Bhd0tnEAE,Vita Afriyanti, 5 bintang ,,sebulan lalu
ChZDSUhNMG9nS0VJQ0FnSUNCN29xUlJBEAE,marsella dwi julianti, 5 bintang ,,sebulan lalu
ChdDSUhNMG9nS0VJQ0FnSUNCcnBlUDVnRRAB,Syifa Zahra Dzakirah, 3 bintang ,lift nya,sebulan lalu
ChdDSUhNMG9nS0VJQ0FnSUNCcm9tZTRRRRAB,SUŒõ–Ø Suwardi, 5 bintang ,"Tempatnya lebih baik, nyaman, acuan buat perpustakaan lain",sebulan lalu
ChdDSUhNMG9nS0VJQ0FnSUNCcnBpMWxnRRAB,Yusman Febrian, 5 bintang ,,sebulan lalu
ChdDSUhNMG9nS0VJQ0FnSUNCenZfcTZnRRAB,Dewi Puspa (Puspa), 5 bintang ,"Salah satu perpustakaan terbesar di Jakarta. Lokasinya berada di depan Monas, dan di samping kantor STO Gambir",sebulan lalu
ChZDSUhNMG9nS0VJQ0FnSUNCam91dUVnEAE,Ahmad Hasan Hariri, 5 bintang ,"Menurut saya, Perpustakaan Nasional cukup nyaman untuk belajar dan mengerjakan tugas. Gedung ini terdiri atas 24 lantai yang memiliki segudang buku dan referensi. Hanya saja ada beberapa catatan:
1. Tidak ada mushola di setiap lantai, jadi mau tidak mau sebagai Muslim harus naik/turun ke lantai 6 untuk melaksanakan salat
2. Lift selalu penuh. Hal ini disebabkan tidak adanya tangga/eskalator. Bahkan saya harus menghabiskan cukup waktu untuk mengantre masuk lift. Sebetulnya ada eskalator, tapi hanya sampai lantai 4. Untuk yang tidak sabaran, bisa naik tangga darurat hehehehe. pegel cuy
3. OPAC sering eror. Setiap saya ingin meminjam buku, saya selalu kesulitan untuk mencari buku yang saya inginkan melalui OPAC.",sebulan lalu
ChdDSUhNMG9nS0VJQ0FnSUNCOXFHSHBnRRAB,Imanuel Moban, 5 bintang ,,sebulan lalu
ChZDSUhNMG9nS0VJQ0FnSUNCOXBiSkZREAE,Assyifa Putri, 5 bintang ,,sebulan lalu
ChdDSUhNMG9nS0VJQ0FnSUNCOXRqaXRnRRAB,Farah Syakira, 5 bintang ,,sebulan lalu
ChdDSUhNMG9nS0VJQ0FnSUNCOXFDUXdRRRAB,Ibink Wendy, 5 bintang ,,sebulan lalu
ChZDSUhNMG9nS0VJQ0FnSUNCNXJfWkRnEAE,Rifky Rachman, 5 bintang ,,sebulan lalu
ChdDSUhNMG9nS0VJQ0FnSUNCNXM2MXhnRRAB,Susiyaniy, 5 bintang ,,sebulan lalu
ChZDSUhNMG9nS0VJQ0FnSUNCaHRtT1h3EAE,Meli Agustin, 5 bintang ,"Super cozy.

(Diterjemahkan oleh Google)
Sangat nyaman.",sebulan lalu
ChZDSUhNMG9nS0VJQ0FnSUNCLXFMb09nEAE,rava muhammad, 5 bintang ,,sebulan lalu
ChdDSUhNMG9nS0VJQ0FnSUNCdXZiQjZ3RRAB,Catur Ramadhayanti, 5 bintang ,,sebulan lalu
ChdDSUhNMG9nS0VJQ0FnSUNCdXRyZ19RRRAB,Dody Muhamad, 5 bintang ,"Tempat nyaman, buat edukasi keluarga & strategis mudah dijangkau",sebulan lalu
ChdDSUhNMG9nS0VJQ0FnSUNCdXRpMTh3RRAB,Pajeko, 2 bintang ,,sebulan lalu
ChZDSUhNMG9nS0VJQ0FnSUNCMnItQWZ3EAE,Albani, 5 bintang ,"The best healing di weekend. Fav saya lantai 24. Kalau kesananya lagi week day lebih asik lagi. Karena gak banyak orang, jadi lebih asik kalau baca buku. Tapi sebenarnya weekend juga ada lantai yang sepi, hanya saja harus pandai-pandai cari lantai yang kosong. Jadi baca buku nya benar-benar tenang.",sebulan lalu
ChZDSUhNMG9nS0VJQ0FnSUNCcW82UlZBEAE,Petrus Kaseke, 5 bintang ,Kolintang pada acara hari ibu di  Perpusnas,sebulan lalu
ChdDSUhNMG9nS0VJQ0FnSUNCcXJxNC1RRRAB,Whale island 1897, 5 bintang ,,sebulan lalu
ChdDSUhNMG9nS0VJQ0FnSUNCeXNxSXl3RRAB,dimas swadirasto, 5 bintang ,Sangat Bagus,sebulan lalu
ChZDSUhNMG9nS0VJQ0FnSUNCeXJLUkVREAE,Kezia Oktaviana, 5 bintang ,,sebulan lalu
ChZDSUhNMG9nS0VJQ0FnSUNCaXM3a2VBEAE,Aa Jibonk (ZeusBinSlamet), 5 bintang ,Pernah kesini ketemu salah satu karyawan disana. Lokasi bagus dan menyenagkan. Tp nggak ngerti dimana tempat buku2nya jadinya cm foto2 aja :D,sebulan lalu
ChdDSUhNMG9nS0VJQ0FnSUNCa3JlbHF3RRAB,Septi yanie, 5 bintang ,"Salahsatu tmpat wisata+belajar yg harus kita tahu,letak'y trnyta ad di sebelah musium nasional,sebrang'y monas....dan masuk'y gratis hnya scan peduli lindungi...
gedung'y sangat besar dan ad 24 lantai...
Dan stiap lantai di sajikan dgan lukisan""&karya seni bangsa sendri...bagus"" bngt...

Ketika musim liburan sekolah lumayan penuh yak...ad anak"" kecil study tour",sebulan lalu
ChdDSUhNMG9nS0VJQ0FnSUNCa3FlODBRRRAB,Akhdan Basir, 4 bintang ,Tempat nyaman minus paling liftnya aja,sebulan lalu
ChZDSUhNMG9nS0VJQ0FnSUNCa3J1cEV3EAE,Cicillia Veti, 5 bintang ,,sebulan lalu
ChdDSUhNMG9nS0VJQ0FnSUNCa3JYdm53RRAB,Anisa Rahmawati Nurjanah, 4 bintang ,,sebulan lalu
ChdDSUhNMG9nS0VJQ0FnSUNCa3A3SXNRRRAB,ningsih kirei, 3 bintang ,Saking bnyk pengunjung..turun pk tangga darurat..ü•≤ nunggu lift lama bnget.. ‚Ä¶,sebulan lalu
ChdDSUhNMG9nS0VJQ0FnSUNCa3JMNmdBRRAB,Cica Mustika, 5 bintang ,,sebulan lalu
ChZDSUhNMG9nS0VJQ0FnSUNCNHJpdE9REAE,HAHA official, 5 bintang ,,sebulan lalu
ChdDSUhNMG9nS0VJQ0FnSUNCb3RYRDlBRRAB,David, 5 bintang ,"(Diterjemahkan oleh Google) Pemandangan Monumen Nasional yang luar biasa dari teras bebasnya dan teras lain yang menghadap ke kota. toilet dan kantin

(Asli)
Incre√≠bles vistas del Monumento Nacional desde su terraza gratuita y otra terraza con vistas a la ciudad. Aseos y cafeter√≠a",sebulan lalu
ChdDSUhNMG9nS0VJQ0FnSUNCd3QzZTdRRRAB,Imam Wahyudi, 4 bintang ,,sebulan lalu
ChZDSUhNMG9nS0VJQ0FnSUNCd3BIZER3EAE,Rasyid Ridho, 5 bintang ,"Pelayanan ramah standar pelayanan publik, pembuatan kartu keanggotaan cukup  cepat proses 10-15 menit dan tidak dikenai biaya tambahan. Minus nya adalah tangga darurat tidak bisa dibuka dan untuk mengantri lift cukup lama (saya datang di hari kerja) kantin juga menyediakan makanan yang standar (makanan dan minuman tetap tidak boleh dibawa ke atas. Tidak ada penitipan helm, loker disediakan tapi ukuran terbatas (untungnya bisa dititipkan di petugas lobby), semua buku bisa diakses di komputer ruang baca, petugas akan mengambilkan menggunakan robot kecil, praktis dan efisien. Sayangnya, buku belum boleh dibawa pulang namun disediakan aplikasi ipusnas sebagai alternatif.",sebulan lalu
ChdDSUhNMG9nS0VJQ0FnSUNCZ3IyemdBRRAB,Bilqis Bianti, 5 bintang ,"Daftar buku sangat lengkap. Fasilitas lengkap mulai dr kantin, ruang pameran dll. Memakai lift menuju setiap lantai.

Namun untuk lift nya mungkin agak sedikit diperbanyak agar tidak menunggu lama dan membuat kerumunan.",sebulan lalu
ChZDSUhNMG9nS0VJQ0FnSUNCZ3ViUEdnEAE,Galang Indra Pratama, 5 bintang ,,sebulan lalu
ChZDSUhNMG9nS0VJQ0FnSUNCX0tYa0xBEAE,imam Khoiri, 5 bintang ,,sebulan lalu
ChdDSUhNMG9nS0VJQ0FnSUQtOWU2RXZBRRAB,Rizky Official, 5 bintang ,"Recommended banget....

(Diterjemahkan oleh Google)
Recomended banget....",sebulan lalu
ChZDSUhNMG9nS0VJQ0FnSUNCdkktTEJBEAE,Toni Delaga, 5 bintang ,"Bagus, free internet, bisa pinjem komputer, saran untuk lift nya harus di atur lantainya supaya tidak numpuk",sebulan lalu
ChZDSUhNMG9nS0VJQ0FnSUNCdkkzYkxBEAE,Alisya Sulaimah Gustav, 4 bintang ,,sebulan lalu
ChdDSUhNMG9nS0VJQ0FnSUNCM0tmOHFRRRAB,Ardyan Suwanhara, 5 bintang ,,sebulan lalu
ChdDSUhNMG9nS0VJQ0FnSUNCN1BlWHZnRRAB,solikul zazil, 5 bintang ,Bagi pengunjung yg karyawan boleh di tambah waktu berkunjung.,sebulan lalu
ChdDSUhNMG9nS0VJQ0FnSUNCcktqMWlBRRAB,me oktabella, 5 bintang ,"Tempat yg nyaman untuk mengerjakan tugas akhir, hanya kalau sedang ramai ramainya susah mendapatkan lift, jd hrs menunggu cukup lama..
Makan dan minum aku saranin untuk GO-FOOD ajaa, supaya kalian lbh puas dan kenyang",sebulan lalu
ChdDSUhNMG9nS0VJQ0FnSUNCek1mUnZnRRAB,rahma yumita, 5 bintang ,,sebulan lalu
ChZDSUhNMG9nS0VJQ0FnSUNCOUlEOE9REAE,Ibnu Marzuq, 5 bintang ,Perpusnas Amazying,sebulan lalu
ChZDSUhNMG9nS0VJQ0FnSUNCMU5mSklBEAE,Ellia Shafira, 5 bintang ,"Perpustakaan nasional memiliki koleksi yang lengkap serta petugas yang berkompeten, fasilitasnya juga lengkap ada lift, mushola bersih, toilet bersih, tersedia juga kantin kalau laper gausah bingung. Pelayanan cepat tanggap, ramah, pokoknya the best banget perpusnas ‚ò∫Ô∏èüëç ‚Ä¶",sebulan lalu
ChdDSUhNMG9nS0VJQ0FnSUNCMUtLNjhRRRAB,aki atsui, 5 bintang ,"Lengkap,, wajib dateng. Ga ada alesan buat ga kesini.",sebulan lalu
ChZDSUhNMG9nS0VJQ0FnSUNCeEo2ZkNREAE,Angga Eka Purnama, 5 bintang ,,sebulan lalu
ChZDSUhNMG9nS0VJQ0FnSUNCeElTcktREAE,syahrul ramadhan, 5 bintang ,,sebulan lalu
ChZDSUhNMG9nS0VJQ0FnSUNCaE9lZkVBEAE,ukhti nabila, 5 bintang ,,sebulan lalu
ChZDSUhNMG9nS0VJQ0FnSUNCaFB2TVdBEAE,Eka Rahma, 5 bintang ,1 gedung banyak bacaan. Eskalator ada sampai ke lantai 4. Selain itu naik lift. Kantin di lantai 4. Mushola lantai 6. Fotokopi lantai 3,sebulan lalu
ChZDSUhNMG9nS0VJQ0FnSUNCaEwzcGZ3EAE,fadjar fadhillah, 5 bintang ,Peluncuran Buku Chappy Hakim,sebulan lalu
ChZDSUhNMG9nS0VJQ0FnSUNCaElXSllnEAE,Riki Gana S, 5 bintang ,"Referensi yang komplit, juga tempat yang nyaman.",sebulan lalu
ChZDSUhNMG9nS0VJQ0FnSUNCbUt2YkRREAE,A.M, 5 bintang ,,sebulan lalu
ChZDSUhNMG9nS0VJQ0FnSUNCbVAyU0dnEAE,Eunike Aritonang, 5 bintang ,"Awesome library!!

(Diterjemahkan oleh Google)
Perpustakaan yang luar biasa!!",sebulan lalu
